1,answer understand necessarily one best vapes ever pink lemonade pure vg shop phd chemist staff new flavors molecules bonded best vg vs pg possible get great flavor vg know lot chemistry
1,mix flavors tfv problem mixing juices coils burning unless mixing menthol cinnamon flavor flavors mix really well together surprisingly want put new juice tanks let get tank add new flavor side note cinnamon churros vanilla ice cream mixes really well fruit loops
1,time favorite cereal vape bedrock shake mix fruity pebbles vanilla milkshake straight fruity pebbles think accurate fruity pebbles vapors bedrock vaporham lincoln sort cross trix fruity pebbles good dry cereal milk matters think accurate fruit loops flavor fruit troopers lightning loops close second capone fairly close third cereal tastes like mix trix fruit loops dragon fruit hoops definitely different take adding dragonfruit recipe pretty good favorite ct crunch flavor cinnamon toast vape followed ctc cereal toasted om vapors super cereal tastes like cap n crunch without berries fresh mail steep tastes like french toast one favorites viab cereal crunch milk heavy version cap n crunch crunchberries retro frankenstein fantastic replica frankenberry
1,flavors listed big bowl cereal really good well cereal flavors far creamy fruits go vape look strawberry milkshake banana pudding apricot custard flavors tried yet really want try lemon italian ice mango ice cream peach yogurt far creamy fruits vendors honestly list would long name maybe check juicedb profile juicedb user kungfoogorilla reviews see anything revewed catches eye
1,addition three listed really liked strawberry shake vape big bowl cereal banana pudding vape pineapple dragon alright sweetish fish probably favorite swedish fish flavor
0,v great vendor especially price quality say favorite vendor certainly favorite cereal vapes listed one favorite pure fruit vapes pineapple dragon one favorite candy vapes sweetish fish though big pure fruit candy vapes personally fact actually like even though typical flavor profile says something
0,almost year think able afford trying many flavors partly giveaways reddit partly awesome sales advertised juicedb partly use mostly budget vendors find juicedb every holiday use sales megathread posted like one ing thanksgiving black friday way try flavors tried couple different vendors
0,read lot good stuff flavor afraid pull trigger biggest fear fl vapes taste lemon pledge issues sort
1,vouch cereal everything vaped humble quite good lot cheaper juices tend lacking flavor least seems humble bucks trend fruity loops whatever g vapers decent knock socks big cereal
1,predator io fruity cereal cupcake fantastic flavor called dawn let steep least week man really pops delicious also easier coils fruity cereal flavors
1,tried cereal flavors still pretty new strait jacket vaporhq divine pebbles om vapors quite good strait jacket milkier divine pebbles cereal grain taste bit fruity sweet strait jacket around ml divine pebbles sale ml yes typo
0,definitely tastes creamy creamy strait jacket one barely anything milk bit sweetness huge frame reference cereal flavors though worth getting second opinion vaping ish watts quite possible gets lot stronger high watts clean tank try flavor gotten lemon pledge strawberry limeade local shop juice dump
1,nah know feeling quit dripping got kayfun v easy build amazing flavor much lung hitter though sure hate haha thanks heads
0,puffin away french dude right like sure go flavor little sweet side
0,love goon kennedy avoid copper tarnish every days really effect flavor juice course buy friend kennedy hell friend
1,kennedy witch passed gf recently bought x rda flavor x seems better buying anything even tho heard lot people recoil great flavor
1,sweet earthy real flavors think ran many low quality juices sweeteners early vaping run ordered hop scotch though site really excited try
1,one shop owners sell introduced figure would give spin really like agree though cant day thing definitely good price point flavor profile
0,well production aspect things creating large batch steeped ml juice per bottle day affair especially dilute flavoring gets expensive quick worth brand customers like juice find fortable line ml bottle product shipping included brings juice dollars shipping discounts offered specific munities carry culture bring even farther allows go local vape shops promise never undercut business drive customers vape shops sell juice around bottle people get instantaneously great selling vape shops ability customer try juice always convincing literally everybody loves think online people fear rightly value get online reflected juice giveaways things really think people go shops speak people essentially curate experience believe brick mortar stores still exist people actually lay hands things human human interaction
1,add tomorrow cactus fruit flavor super good mellow sweet kind earthy
1,black recently put top lavabox dna old pic evic fucking love thing amazing flavor breeze build get used clamp posts imgur vbxokxj jpg
0,got battery extender lavabox today using twisted messes squared mm really like also really like looks skar since big enough think look classy goon also like idea much room capacity worry losing flavor
1,nothing wrong mixing two premade juices sometimes want continue vaping flavor instead wasting juice get half add flavor want vape sometimes get interesting flavors mixing
1,nope time long two flavors match example mad hatter love cookies mixes really well humble juice co humble crumble
1,flavor like cherry mix really well tiny bit creamy lemon raspberry way get rocket pop ice cream flavor
1,live resin produced extraction fresh frozen plant material wax shatter dried normal plant material live resin allows unbelievable flavor terpene profiles shine much
1,tfv many tanks none really pared cloud production prefer rda time need use tank reason one use tfv going buy anything right would cleito though first gen great flavor needed bigger exactly cleito check sorts good reviews
0,nope look thin ml bottle purple liquid berry flavored
1,sounds like anml looper fruit loops flavor
1,berry flavored purple color googled anml looper look since people mentioned good
1,quite tfv territory much better flavor certainly big step used
1,coolfire tc love first non ego pen type mod use avacado order premade coils wicking little challenging get perfect oh man nice vape another beginner like id rement avacado another non bottom airflow rda im currently using hastur v rda love build space quite small flavor great look thing cool also would remend royal hunter rda wouldnt rement bottom airflow never one didnt leak put drops juice yes fire ohms lowest ive gotten usually stay around ohms questions mod feel free ask ive using every day last two months
0,tried extreme menthol gsl found minty flavored menthol kick
1,friends buy menthol flavoring mbv add juice love vape way
1,indigo vapors amazing tobacco flavors know least used menthol tobacco smokes lights suggest using mg icare
1,one suggested brand quite reliable great flavor
1,tank seems brandish never heard least feels pretty solid though leaking yet good flavor
0,phenomenal tank get weeks coils switch juices almost every tankful lingering flavors either
0,old tank fantastic vape use bvc coils triton mini clapton coils remend triton mini claptons though crazy flavor
1,put spaced g kanthal wrap around mm ing ohms found enjoyable dual fused claptons twisted g contact coils tried previously great flavor minimal ramp time watts
0,bet flavorings sitting drawer probably never see light
0,months vaping adventure honestly scared total spent lot juice still working stockpile determine panies flavors like pretty much pleted adventure hardware need think haha
1,one easy diy add strawberry flavor cream flavor sweeter
1,diy get rebuildable hardware start making juice glad starting diy ing almost immediately vape premium recipes stupidly low cost partner recently got stash premium juice anniversary preferred diy stuff everything stash got let know need leads good info getting started spend money awesome hardware flavorings
1,think lot people like see everything buy diy get lost figure start even diy sub think would awesome put together lists things buy make group flavors like sweets savory deserts selected nic level preferred vg pg mix good go
1,flavoring get onestopdiyshop gets personal experience get ml bottles go far go fast depending mix also use coupon everything get things buy mls boils user still cheap
0,honestly b lets sample juices take one day let try juices may need find something likes even needs tobacco flavor
1,seconded great flavor gets better steeps
1,honeysuckle cuke fantastic sure already gathered responses thought disliked mint flavors tried also pair glass sweet tea bination wonderful
1,yeah would rather get cheap awful device call done guess juices always pain ass kinda gravitating closed system devices force choose flavors juul looking nice
1,making way mg nic see joy higher nic juices smaller clouds better buzz possibly even flavor
1,one thing like vaping regardless someone device tank juice preferences good good plenty times assumed like certain juice flavor love
1,went weeks without vaping lose mind think could quit really wanted flavor great though
0,dit also tfv even rba much flavor flavor horrendous tank
1,pti rba clone fasttech great flavor small size drink juice put nice simple build looks incredibly sharp cons build deck takes small amount getting used entire positive pin needs removed take deck
1,mage rta great flavor tank easy build small size cons many people plained got unit wonky positive pin connection causing ohms jump place personally received two units
1,obs engine getting lot good attention supposedly leak proof nice build deck great flavor mine way ment yet however little suspicious tank top airflow flavor match similar tanks bottom airflow definitely check reviews
1,kayfun v clone expensive great single coil decks allow relatively high resistance builds restrictive airflow mtl experience looking get concentrated flavor save juice batteries might direction want look
0,cut wicks deck put holes juice well never dry hit muted flavor limitless plus bo
0,odd quite taste burned dry flavorless
0,huh idk man vaping quite coils typically last month half actually change coils get flavor stains cotton taste anything else matter many juices cycle
0,happen seem burn lose flavor around day maybe lemon atty idk fed thing smok general
1,clove still little sweet even tobacco flavors taste little sweet
0,almost flavorings artificial vegetable glycerine sweet hence fruity dessert flavors personally scent stays smell like cheap vanilla perfume lot better lighter cigarettes still id kill smoke flavor like campfire flavor
1,real extracts real tobacco extract mostly tobaccos never adds sweetener sweet quite pleasant natural extracted flavors pecan black walnut tobaccos would consider drier sweet
0,know get opposite space coils get muted flavor
0,based remendation got thread submitted yesterday reddit r electronic cigarette ments dvdf whats favorite single coil rta build today tried single spaced g kanthal coil serpent mini probably like wraps ing ohms believe flavor getting watts like much better twisted g contact coil yesterday
1,tried fused claptons serpent mini got one threw fused clapton wraps im getting alot flavor wondering spaced fused works might give shot happen know spaced gives flavor
0,tobeco velocity mini spaced clapton reduced flavor like crazy ymmv depending setup
1,heated juice inside wick makes vapor coil heats wick clapton coils variations essentially wrapped wick juice makes vapor hard understand spaced coil larger wick area heated juice vaporized essence using less wire cover area makes vapor flavor
1,say many things alter flavor different rda rta airflow different type coil clapton twisted parallel also good flavor op probably different someone else
1,mean flavor wise would give petri hobo ones tried would favorite sure deck pares tsunami since never tried one side airflow
1,started spacing coils would fit perfectly mm rta noticed flavor never gone back trash cotton reference use kanthal tc still works wonders
1,thanks much post seem get much flavor serpent tried wow new go coil easy
1,glad better flavor better vapor lower resistance fires lower wattage pared contact coils dual wraps kanthal easy coilmaster v
1,always set mods great flavor
0,pletely honest know probably get downvoted ordered bx flavors really like maybe like sweeter flavors ones ordered didnt sweetness ordered like different flavors even letting steep taste good disappointing since heard nothing good things bx
1,love hmc due subtle sometimes almost bland luckily fruit flavors tried b x blend really well together awhile rotating melonyptus hmc exotic cactus watermelon crack cotton great bos
0,even looking anything since spent times much diy order handful flavors
0,like higher nic levels find perfectly content mg range max vg burns less hurts less flavors cleaner dealing shakes
0,also dont like stainless steel drip tips give chapped raw lips like variable air flow sometimes want rich deep flavor big clouds sometimes want chain vape fog whatever room
1,baby beast tfv flavor great vapor smooth plentiful remend
1,get bored baby grab cloud beast tfv holy clouds flavor batman
1,vape never smoked cigarette use nicotine free liquid never strong urge addiction feel like mainly started flavors taste good like blowing smoke rings
0,try girlfriends house says smells like shitty insert whatever flavor vaping
1,baby beast fine flavor tank pre built coils keep around use rebuildable
1,tank decent still better one guess aspire cleito go tank never leaking perfect flavor without drinking much juice
1,feel hand looks clunky usual vape get bigger cloud flavor clieto
0,clouds flavor depends atomizers
1,said want good flavor fan petri hadaley touted good flavor
0,menthol stick need little info setup rebuildable tank new coils laying around going need use like use coil per flavor category
0,anything minty menthol truly sticks coil hard get able run coil water help extract flavor let pletely dry using since work properly else fails change coil
1,love coffee flavors get
1,enjoyed pairing cherry clove flavor nice fireside vanilla spice chai tea vape flavor mentioned first beverage mentioned second fun figuring pairs well
0,go ecblend ecblendflavors red energy eliquid flavor first read reviews leave bad ones us get idea
0,back using old setup using aspire bdc et tanks exact ohm coil flavored juice running watts coils lasted weeks aspire knows make good tanks good coils beginners really depends individual
0,problem k fact take apart fully put incredibly may juice mine stop using clean flavor
1,first mix far real flavors eliquid ingredients say natural extracts flavors alcohol vegetable glycerin rf watermelon strawberry week two may taste week three really good also fa coconut erythritol
0,maybe could try tobacco flavored eliquid
0,talking tday tobacco flavor